{"cameraMode":{"drawMode":0,"name":"Shaded","section":"Shading Mode"},"sceneLighting":false,"audioPlay":false,"sceneViewState":{"m_AlwaysRefresh":false,"showFog":true,"showSkybox":true,"showFlares":true,"showImageEffects":true,"showParticleSystems":true,"showVisualEffectGraphs":true,"m_FxEnabled":true},"in2DMode":false,"pivot":{"x":14.174758911132813,"y":0.6948590278625488,"z":3.1143569946289064},"rotation":{"x":0.30592435598373415,"y":0.15509548783302308,"z":-0.05062878876924515,"w":0.9378734827041626},"size":2.1031205654144289,"orthographic":false}