{"cameraMode":{"drawMode":0,"name":"Shaded","section":"Shading Mode"},"sceneLighting":false,"audioPlay":false,"sceneViewState":{"m_AlwaysRefresh":false,"showFog":true,"showSkybox":true,"showFlares":true,"showImageEffects":true,"showParticleSystems":true,"showVisualEffectGraphs":true,"m_FxEnabled":true},"in2DMode":false,"pivot":{"x":7.722177982330322,"y":8.677510261535645,"z":13.297769546508789},"rotation":{"x":-0.04129878059029579,"y":-0.9569246172904968,"z":0.22993573546409608,"w":-0.17195002734661103},"size":1.8031206130981446,"orthographic":false}